Datetime,Water Level (m)
2026-06-11 00:00:00,-0.3516674
2026-06-11 01:00:00,0.00047085487
2026-06-11 02:00:00,0.40836135
2026-06-11 03:00:00,0.7536953
2026-06-11 04:00:00,0.99795777
2026-06-11 05:00:00,1.0748185
2026-06-11 06:00:00,0.9295931
2026-06-11 07:00:00,0.6300064
2026-06-11 08:00:00,0.364364
2026-06-11 09:00:00,0.16044936
2026-06-11 10:00:00,-0.004601726
2026-06-11 11:00:00,-0.12920529
2026-06-11 12:00:00,-0.17274661
2026-06-11 13:00:00,0.066050835
2026-06-11 14:00:00,0.46916023
2026-06-11 15:00:00,0.8026866
2026-06-11 16:00:00,1.0114782
2026-06-11 17:00:00,1.0349201
2026-06-11 18:00:00,0.83426327
2026-06-11 19:00:00,0.5403798
2026-06-11 20:00:00,0.29039577
2026-06-11 21:00:00,0.08742873
2026-06-11 22:00:00,-0.08556689
2026-06-11 23:00:00,-0.2320296
2026-06-12 00:00:00,-0.3505918
2026-06-12 01:00:00,-0.3415507
2026-06-12 02:00:00,0.06911604
2026-06-12 03:00:00,0.55081874
2026-06-12 04:00:00,0.94813144
2026-06-12 05:00:00,1.1941162
2026-06-12 06:00:00,1.2256347
2026-06-12 07:00:00,1.0000132
2026-06-12 08:00:00,0.674788
2026-06-12 09:00:00,0.4094923
2026-06-12 10:00:00,0.20219012
2026-06-12 11:00:00,0.033381447
2026-06-12 12:00:00,-0.10394723
2026-06-12 13:00:00,-0.19041519
2026-06-12 14:00:00,-0.061982263
2026-06-12 15:00:00,0.36924332
2026-06-12 16:00:00,0.7580657
2026-06-12 17:00:00,1.0297654
2026-06-12 18:00:00,1.1145409
2026-06-12 19:00:00,0.9404305
2026-06-12 20:00:00,0.61962247
2026-06-12 21:00:00,0.3430089
2026-06-12 22:00:00,0.12811507
2026-06-12 23:00:00,-0.051203918
2026-06-13 00:00:00,-0.2029818
2026-06-13 01:00:00,-0.32733992
2026-06-13 02:00:00,-0.3182781
2026-06-13 03:00:00,0.11100051
2026-06-13 04:00:00,0.6040724
2026-06-13 05:00:00,1.0335219
2026-06-13 06:00:00,1.3206747
2026-06-13 07:00:00,1.3769605
2026-06-13 08:00:00,1.1461089
2026-06-13 09:00:00,0.7826361
2026-06-13 10:00:00,0.48680848
2026-06-13 11:00:00,0.25679564
2026-06-13 12:00:00,0.07059014
2026-06-13 13:00:00,-0.086682186
2026-06-13 14:00:00,-0.2021845
2026-06-13 15:00:00,-0.10829558
2026-06-13 16:00:00,0.3684095
2026-06-13 17:00:00,0.7979685
2026-06-13 18:00:00,1.0896717
2026-06-13 19:00:00,1.1684843
2026-06-13 20:00:00,0.9706332
2026-06-13 21:00:00,0.6433465
2026-06-13 22:00:00,0.36705303
2026-06-13 23:00:00,0.15259121
2026-06-14 00:00:00,-0.02838993
2026-06-14 01:00:00,-0.18492915
2026-06-14 02:00:00,-0.31251094
2026-06-14 03:00:00,-0.26800993
2026-06-14 04:00:00,0.21775346
2026-06-14 05:00:00,0.7362619
2026-06-14 06:00:00,1.1875421
2026-06-14 07:00:00,1.4595213
2026-06-14 08:00:00,1.4780171
2026-06-14 09:00:00,1.1979275
2026-06-14 10:00:00,0.8180789
2026-06-14 11:00:00,0.5178023
2026-06-14 12:00:00,0.2830593
2026-06-14 13:00:00,0.09446218
2026-06-14 14:00:00,-0.065143615
2026-06-14 15:00:00,-0.18389155
2026-06-14 16:00:00,-0.043989826
2026-06-14 17:00:00,0.47617108
2026-06-14 18:00:00,0.9254662
2026-06-14 19:00:00,1.2170774
2026-06-14 20:00:00,1.2588006
2026-06-14 21:00:00,0.9931763
2026-06-14 22:00:00,0.6455518
2026-06-14 23:00:00,0.367259
2026-06-15 00:00:00,0.15117724
2026-06-15 01:00:00,-0.031424735
2026-06-15 02:00:00,-0.18827516
2026-06-15 03:00:00,-0.3146487
2026-06-15 04:00:00,-0.2293291
2026-06-15 05:00:00,0.31253263
2026-06-15 06:00:00,0.87006307
2026-06-15 07:00:00,1.3457797
2026-06-15 08:00:00,1.5837481
2026-06-15 09:00:00,1.5563565
2026-06-15 10:00:00,1.2266262
2026-06-15 11:00:00,0.84404
2026-06-15 12:00:00,0.55061954
2026-06-15 13:00:00,0.31406328
2026-06-15 14:00:00,0.12287308
2026-06-15 15:00:00,-0.041538812
2026-06-15 16:00:00,-0.15770374
2026-06-15 17:00:00,0.037376415
2026-06-15 18:00:00,0.5804238
2026-06-15 19:00:00,1.0363669
2026-06-15 20:00:00,1.316483
2026-06-15 21:00:00,1.3170524
2026-06-15 22:00:00,1.002833
2026-06-15 23:00:00,0.6506998
2026-06-16 00:00:00,0.37735915
2026-06-16 01:00:00,0.16712378
2026-06-16 02:00:00,-0.012614078
2026-06-16 03:00:00,-0.1669442
2026-06-16 04:00:00,-0.28116545
2026-06-16 05:00:00,-0.09501151
2026-06-16 06:00:00,0.47594285
2026-06-16 07:00:00,1.0251433
2026-06-16 08:00:00,1.4699534
2026-06-16 09:00:00,1.6573706
2026-06-16 10:00:00,1.5577476
2026-06-16 11:00:00,1.1756219
2026-06-16 12:00:00,0.80748945
2026-06-16 13:00:00,0.52841735
2026-06-16 14:00:00,0.30236334
2026-06-16 15:00:00,0.11377983
2026-06-16 16:00:00,-0.048702806
2026-06-16 17:00:00,-0.15108319
2026-06-16 18:00:00,0.13333131
2026-06-16 19:00:00,0.677704
2026-06-16 20:00:00,1.1127639
2026-06-16 21:00:00,1.3575698
2026-06-16 22:00:00,1.2996132
2026-06-16 23:00:00,0.9567363
2026-06-17 00:00:00,0.6198832
